{"test_mae": 0.07667085382551729, "test_mse": 0.013592497796642114, "test_r2": 0.9369543214641529, "train_mae": 0.02401816915009942, "train_mse": 0.0009691839881275307, "train_r2": 0.9921773026353334}